EMP ID,First Name,Last Name,DOB
232,John,hews,02/24/1991
533,Nathan, Moore,11/19/1978
256,Amanda,ouglas,01/08/1990
189,Heather,Andrews,08/11/1976
284,Daniel,nandez,07/22/1976
512,Danny, Pena,01/31/1978
126,Gary,ight,03/08/1994
556,Robin,rroll,10/14/1972
595,Michelle,ickerson,02/08/1984
191,Kimberly,Gallegos,08/05/1972
55,Morgan,Parker,01/30/1986
623,Mason,hodes,01/28/1977
426,Amy,fin,02/18/1973
535,Danielle,le House,04/16/1975
399,Charles, Greene,11/28/1992
33,Nicholas,Martinez,04/05/1979
302,Tracey,eadows,01/12/1988
325,Renee,Evans,03/14/1991
188,Joseph,strada,03/29/1984
184,Jeremy,Warner,10/20/1987
526,Anthony,driguez,02/09/1983
85,Kristen,n Lopez,01/02/1978
171,Mark,nald,06/27/1984
74,Robert,reeman,01/01/1984
69,Michael,eynolds,10/30/1994
365,Kristine,e Little,07/10/1974
149,April,arnes,02/15/1983
218,Pamela,Hodges,02/19/1989
647,Ronald,ilbert,05/26/1974
518,Thomas,Cooper,08/17/1972
12,Dakota,ington,08/24/1972
622,Jennifer,r Porter,01/20/1991
159,Beverly, Jordan,08/15/1986
394,Mark,rown,04/02/1975
158,Amy,ord,06/05/1974
446,Benjamin,min King,05/07/1973
352,Stephen, Bryant,05/15/1991
598,Brandi,lliams,10/15/1989
505,Ashley,hinson,04/26/1994
173,Alisha,acheco,01/13/1982
84,Robert,mpbell,02/27/1973
406,Sandra,anders,10/06/1980
164,Katherine,e Hensley,05/29/1991
267,Stacy,y Cox,11/08/1976
503,Frank,arton,06/10/1993
295,Shannon, Kramer,05/04/1980
590,Brenda, James,12/31/1977
97,Paula,wards,08/10/1988
3,Jennifer,fer Rowe,09/16/1980
20,David,oster,01/09/1990
179,William,m Boyle,01/30/1988
86,Christopher,pher Greene,05/29/1972
219,Matthew, Fuller,04/27/1980
237,Gabriela,a Nguyen,12/17/1981
96,Allison,on Diaz,03/25/1994
22,Isaac,ordan,05/06/1986
439,Cheryl,Bailey,10/31/1991
146,Julie,tillo,02/16/1988
271,Michael,l Adams,12/10/1986
103,Melinda,Parsons,02/07/1986
540,Robert,mpbell,01/17/1987
144,Julie,elson,08/08/1994
594,Steven,Nelson,04/14/1989
176,Hailey,y Lynn,03/25/1973
198,Dillon,Nguyen,05/26/1978
433,Hannah,Miller,10/18/1973
274,Jeffrey, Harris,05/25/1994
6,Daniel, Welch,08/08/1982
452,Bryan,ckson,09/08/1982
23,Denise,George,09/07/1990
373,Alicia,Carney,09/10/1989
374,William, Peters,03/20/1986
200,Dustin, Drake,09/17/1993
428,Jessica,hornton,01/03/1983
116,Rebecca, Wilson,06/08/1980
418,Katherine,rine Lane,11/01/1986
9,Sarah,arper,07/27/1993
230,Jermaine,ine Hill,09/11/1988
502,Michael,arshall,04/05/1990
632,Kirsten,Mcbride,09/10/1973
112,Rachael, Holmes,07/30/1973
422,Leon,ster,09/19/1975
131,David,clain,08/02/1976
404,Emily,rence,11/24/1991
504,Troy,ooth,12/27/1990
194,Stephanie,phanie Ho,04/25/1983
567,Michele,ndricks,03/10/1990
253,Eric,rper,11/12/1986
407,Jonathan,an Gomez,06/05/1993
82,Kevin,arcia,11/25/1977
429,Howard,Lawson,04/13/1984
78,Stacy,rtson,09/24/1974
167,John,Beck,07/27/1985
484,Julia,organ,03/18/1976
60,Allen, Leon,04/06/1975
400,James, Rios,03/04/1978
34,Ralph,Wells,10/19/1988
596,Megan,havez,10/08/1991
279,Ashley,atrick,06/07/1974
466,Bonnie, Bowen,11/07/1993
327,Andrew,Lawson,04/05/1982
382,Tonya,havez,04/17/1984
369,Michelle,e Larson,03/20/1980
347,Mark,rett,09/18/1985
25,Chelsea, Rivera,06/21/1987
317,Amanda,Krause,11/06/1977
321,Paige,encer,09/02/1991
193,Rhonda,nzales,06/07/1976
606,Jasmine,e Kelly,06/30/1979
123,Amy,man,08/04/1973
566,David,rroyo,04/16/1975
409,Robert,rt Lin,11/12/1975
265,Paul,lson,06/19/1993
490,Paul,yers,03/13/1989
311,Jessica,Elliott,06/04/1978
537,Anthony,ichmond,10/05/1989
147,William, Rivera,03/08/1975
304,Sheri,legas,02/13/1985
472,Kelly,pkins,10/08/1984
348,Darren,arrell,05/24/1991
91,Darlene, Harmon,05/05/1980
410,Rachel, Lyons,08/29/1972
344,David,acobs,02/28/1982
419,Christina,ina Weeks,10/15/1972
1,Andrea,derson,11/12/1984
532,Jennifer,er Smith,01/31/1989
107,Shirley,Andrews,12/07/1981
166,Adrian,Rivera,02/13/1973
391,George,kinney,02/04/1984
67,Hailey,y Boyd,11/17/1980
447,Tiffany, Harris,01/12/1983
653,Mary,nter,11/01/1977
294,Robert,dwards,04/07/1980
416,Barbara,Lambert,09/07/1979
185,Angela,strong,03/22/1990
637,Brett, Ward,09/27/1979
333,Troy,chez,11/15/1990
579,Garrett, Carter,09/26/1988
215,James,eeves,01/31/1988
152,Mary,aker,07/08/1979
301,Alexandra,a Bradley,06/13/1980
572,Aaron,James,03/25/1974
165,Thomas,s Wood,08/21/1979
639,Charlene, Jackson,10/28/1989
405,Mary,bins,12/01/1975
390,Kayla,ngton,10/08/1985
641,Kimberly,ly Knapp,11/23/1992
51,Nicholas,as Brown,09/18/1988
421,Rebecca,arshall,05/06/1974
106,Mark,mith,07/07/1979
379,Adam,rell,10/18/1981
76,Steve,niels,09/14/1980
68,Victoria,a Potter,03/25/1988
118,Kathy,eston,03/06/1990
127,Michael,naldson,01/01/1995
542,Brian,idges,02/22/1976
181,Martha,nzalez,01/17/1981
111,Paul,gers,01/10/1992
481,Dawn,lvan,09/03/1989
568,Amber, West,01/19/1978
395,Christopher,er Guerrero,01/29/1983
345,Stacy,rooks,06/17/1991
438,Danielle,e Kaiser,08/21/1975
403,Taylor, Boyle,09/26/1979
180,Donna,oward,12/16/1978
616,Anne,Rios,11/26/1974
56,Theresa, Barnes,09/28/1976
153,Lori,Tate,03/08/1977
551,Alexandria,dria Baker,11/02/1974
135,Stephen,Hensley,09/30/1978
500,Jennifer, Fischer,11/19/1983
24,Pamela,binson,02/21/1981
81,Brendan,onzalez,08/02/1991
50,Richard, Turner,12/24/1982
328,Michael,obinson,10/22/1973
402,Patricia,ia Sharp,07/13/1987
255,Elizabeth,eth Avila,03/15/1977
413,Christopher,er Martinez,12/28/1978
507,Isaac,Woods,03/20/1984
62,Adriana,na Wolf,10/17/1994
150,David,arson,06/14/1982
109,Matthew, Kramer,05/14/1988
310,Pamela,Archer,10/25/1987
243,Charles,s Stout,12/05/1976
72,Daniel,l Boyd,07/18/1978
608,Jimmy,Jones,02/19/1973
19,Rebecca,Hammond,02/21/1972
30,Emily, Diaz,12/04/1986
119,Chad,Wise,11/10/1988
162,Todd,uran,01/14/1976
199,Brian,ghlin,09/21/1987
187,Katherine,ne Rogers,05/13/1988
102,Joseph, Adams,01/18/1979
385,David,owery,10/21/1987
626,Janice, Young,07/07/1988
528,Anna,hews,02/09/1991
31,Katie,arcia,03/22/1983
43,Maria,trada,04/30/1990
169,Ashley, Smith,07/16/1983
204,Amy,ght,10/15/1991
494,Heather,r Scott,08/20/1982
233,John,rson,05/30/1973
638,John,rson,01/07/1983
57,Kimberly,y Harris,10/01/1988
648,Christopher,opher Smith,11/23/1976
192,Daniel, Singh,12/25/1980
73,Miranda, Nguyen,08/12/1981
477,Gregory,Simpson,07/09/1990
411,Daniel, Brown,04/19/1984
630,Susan,mpson,05/17/1985
600,Rick,ohns,07/30/1984
634,Sean,houn,07/31/1978
296,Alan,lden,11/06/1994
154,Robin,Silva,07/14/1987
527,Nicole,Conrad,06/02/1985
635,Deanna,ussell,07/29/1972
229,Joshua,Bailey,07/20/1986
389,Daniel,atrick,10/15/1972
220,William,m Smith,06/04/1990
454,Kristin,n Grant,08/23/1980
488,Kimberly,elasquez,01/10/1989
41,Michael, Dalton,03/08/1994
522,Jason, Shaw,11/01/1985
269,Jonathon,on Olson,07/08/1985
35,Andrea, Perry,02/01/1986
10,Anthony, Nguyen,10/09/1986
397,Anthony,stensen,05/13/1983
45,Paul,rphy,07/18/1975
210,Susan,ewart,04/23/1989
197,Scott,arren,06/24/1985
354,Jennifer,er Avery,08/08/1987
552,Alexander,r Vaughan,08/22/1988
414,Laura,arker,12/05/1973
134,Derek,ngton,09/15/1990
11,Daniel, Wells,08/27/1994
222,Kelly,llips,11/05/1987
442,Lauren,ennett,06/05/1985
633,Aaron, Wolf,04/09/1978
361,Julia,right,09/04/1980
205,Cheryl,Dennis,06/16/1986
18,Donna,Lopez,02/22/1985
459,Matthew,w Gibbs,06/12/1984
564,Nancy,chell,02/02/1988
138,Ashley,ullock,07/23/1983
356,Andrew, Moore,01/03/1982
479,Joseph,rtinez,10/05/1973
100,Yvette,riguez,09/11/1985
451,Carrie,Barber,11/09/1977
432,Ashley,herman,10/01/1984
71,Craig,arcia,08/18/1994
463,Jerome, Brown,07/10/1992
308,Kevin, Beck,03/29/1981
591,Travis,Hansen,07/28/1981
214,Rodney,y Cook,12/15/1994
290,Theresa,a Brown,02/20/1993
8,Wayne,ercer,09/21/1989
182,Mary, Lee,04/12/1982
534,Matthew, Martin,07/12/1993
511,Lee,ber,12/03/1988
32,James,ilson,07/23/1977
289,Angela, Clark,04/20/1988
643,Allen,Flynn,07/25/1994
234,Darrell,Coleman,08/24/1992
618,Patrick,k Wells,08/03/1979
246,Tyler, Beck,10/20/1986
546,Michelle, Jenkins,11/29/1977
455,Scott,iller,09/27/1991
341,Maria,illan,09/07/1973
252,Amy,ler,10/01/1980
351,Jacob,homas,03/31/1976
493,Amanda, Jones,07/31/1993
599,Edward,adilla,10/09/1993
315,Debra, Best,02/20/1973
577,Gregory,Roberts,01/27/1986
415,Suzanne,Wheeler,05/19/1985
303,Ann,wis,01/14/1976
478,Michelle,Peterson,06/25/1984
313,Adam,omas,12/30/1982
4,Donna,Owens,09/26/1987
249,Pamela, Lyons,09/27/1972
649,Victor, Lopez,10/26/1987
565,Matthew, Miller,04/07/1979
513,Kevin,oster,10/18/1985
516,Alyssa,Stokes,04/01/1973
545,Mark,ders,08/23/1973
38,Michael,Chapman,03/13/1977
309,Cole,rell,01/29/1993
578,Michael,Estrada,10/12/1994
178,Shaun,tinez,12/11/1982
359,Victoria,ria Moon,01/06/1976
278,Brian,eters,05/07/1982
292,Jose,alez,06/01/1992
87,John,Paul,11/20/1973
286,Stephanie,nie Smith,04/26/1978
221,Lisa,lson,11/09/1993
524,Cody,uran,01/15/1973
453,Ann,son,06/01/1981
468,Paula,andez,10/12/1975
444,Patrick, Barber,07/21/1991
350,Dennis,varado,11/27/1973
462,David,erson,06/27/1973
66,Tina,iams,11/04/1987
495,Bridget,et Koch,02/23/1973
586,Adrian,nandez,09/08/1993
457,Andrea,Potter,12/26/1983
392,David,liams,07/07/1990
202,Katherine,ne Wright,05/10/1987
467,Kevin,aylor,04/19/1979
627,Latoya,tchell,03/15/1991
367,Tricia, Smith,01/24/1992
244,David,Miles,11/26/1993
620,Gina,fman,03/20/1990
642,Tamara,hitney,09/21/1975
427,John,rcia,04/14/1987
539,Craig,Nunez,06/13/1972
98,Desiree,ee Ross,07/07/1981
324,Samantha, Ramirez,08/11/1981
589,David,atton,11/19/1978
339,Caroline,ne Lopez,08/09/1981
645,Karen,alone,09/03/1985
355,Daniel,Wright,12/31/1989
541,Brent,iller,01/14/1978
360,Mitchell,ll Meyer,08/31/1991
39,Annette, Flores,04/19/1977
305,Wendy,ndrix,08/19/1983
474,Alexis, Cross,08/11/1983
571,Jeffrey,y Jones,06/27/1981
372,Jessica,a Walsh,06/01/1976
559,Sherry,derson,02/15/1991
521,Jennifer, Johnson,02/17/1978
583,Scott,lison,03/31/1977
329,Denise,aldwin,04/06/1992
201,Rebecca,a James,12/04/1980
276,Sean,ales,08/11/1981
592,Mary,avez,04/27/1990
124,Ralph,tinez,02/26/1980
133,Thomas, Stone,03/29/1973
314,Christopher,er Anderson,07/01/1974
562,Allison, Garcia,02/08/1983
125,Charles,es Hall,09/15/1982
625,Lawrence,ce Roach,04/03/1991
312,Christopher,r Dougherty,03/29/1978
90,William,m Small,08/05/1990
236,Samuel,el May,03/30/1988
601,Brian,Lopez,02/13/1990
326,Amanda, Clark,07/23/1991
264,Cody,ylor,11/13/1978
248,Sherry,y Love,03/24/1975
485,Christine,ine Stone,11/07/1978
54,Kristy,y Diaz,03/26/1988
2,Amy,ong,07/19/1982
298,Haley,Myers,03/20/1985
99,Michael, Holden,07/23/1975
186,Kelly,rrell,01/21/1982
593,Rachel,Valdez,05/21/1985
557,Kristine,Roberson,03/18/1981
375,Vincent, Watson,12/15/1974
460,Elizabeth,th Bailey,07/15/1979
496,Mark,llan,07/08/1976
487,Sheri, Long,06/06/1978
469,Daniel,Mccall,07/12/1987
340,Dawn,lone,04/19/1979
363,Evan,mero,08/25/1994
108,Paul,dams,04/19/1992
357,Tracy, Holt,10/20/1988
293,Charles,Wheeler,02/11/1972
604,Ashley,Harris,08/09/1993
7,Roberto,Schmidt,02/07/1994
94,Margaret,t Barton,10/10/1975
227,Michelle,lle Diaz,09/25/1993
486,Mike,ncan,12/15/1988
613,Alexandra,ra Thomas,01/12/1994
603,Mark,illo,09/22/1976
332,Carol, Dyer,03/12/1989
587,Daniel,lliams,11/17/1989
602,Sandra,Suarez,09/20/1980
398,Sarah,ilton,07/20/1976
148,Sydney, Floyd,03/31/1981
223,Jonathan,han Hall,07/01/1978
574,Jennifer,ifer Kim,10/03/1976
588,Kenneth,Sanchez,10/30/1980
157,Joseph,arroll,05/09/1975
175,Jennifer,r Arnold,10/18/1976
473,David,id Le,08/31/1976
29,Jeffrey,y Clark,06/28/1978
334,Jeffery,ry Reed,07/19/1985
465,Laura,a Kim,07/26/1974
92,Derek,brien,06/29/1990
470,Brooke,Bishop,12/18/1980
128,Peter,Miles,10/26/1976
77,Alex,Owen,10/07/1987
530,Michael, Fowler,08/28/1990
270,Katherine,rine Rose,01/19/1976
251,Daniel,Waller,04/23/1974
277,Ronald,ohnson,09/19/1973
346,Austin,ierrez,06/25/1979
238,Brandon,n Chang,05/14/1984
143,Alexander,er Murphy,05/05/1984
461,Stephanie,e Mendoza,03/22/1977
5,Gregory,y Moore,02/10/1982
117,Jonathan, Mendoza,12/30/1989
396,Michelle,Phillips,09/17/1988
517,Justin,Morgan,03/17/1976
228,Michael,Hubbard,09/09/1978
576,Travis,Little,05/14/1992
482,Susan,nnedy,12/19/1988
611,Emily,grath,11/10/1973
288,Sandra,riffin,11/13/1988
322,Jessica,ullivan,01/07/1990
93,Timothy,Mendoza,06/09/1980
631,Amanda,earson,08/15/1979
95,Jeffery,Burnett,07/28/1984
225,Brian,liams,01/12/1986
386,Randy,orsey,05/09/1974
272,Duane,liams,10/14/1973
614,Colleen,Beasley,08/12/1977
262,Brian,ckson,12/21/1985
110,Cynthia,a Price,10/15/1991
501,Donald,Carter,07/16/1983
65,Lisa,mitt,04/23/1976
458,Dustin,ichols,06/07/1977
224,Jay,own,04/24/1980
160,Beth,ynch,02/13/1984
259,Mary,hell,01/20/1982
547,Joshua,a Rush,08/05/1986
358,Jillian,n David,04/11/1973
652,Anthony,Delgado,09/19/1994
49,Meghan,Wilson,05/18/1988
437,Andrea,gomery,12/03/1991
536,Megan, Gray,10/12/1972
636,Sarah,rooks,06/27/1991
330,Kaylee, Clark,05/29/1992
538,Joseph,Martin,04/13/1992
168,Donna, Rose,04/20/1989
480,Brandi,Sawyer,07/13/1979
543,James,orres,01/19/1986
506,Jonathan,n Malone,04/14/1984
80,Christine, Williams,08/15/1974
342,Christopher,opher Young,12/02/1988
364,David,urner,02/13/1973
64,Gregory,y Estes,10/04/1989
156,Shannon, Vaughn,12/27/1992
285,James,ghlin,01/21/1981
79,Michael,l Brown,01/13/1986
170,Jennifer,Crawford,07/21/1986
561,Michelle,lle Carr,06/22/1978
617,Andrew,w Love,05/27/1991
515,Anna,nett,06/20/1977
644,William,m Watts,10/12/1989
450,Cynthia,illiams,12/23/1978
216,Bruce,Miles,01/21/1982
88,Amanda,Wilson,05/23/1972
130,Joshua, Riley,11/08/1983
408,Carla,orres,02/23/1987
105,Mark,reen,06/14/1977
580,Stephanie,e Goodwin,02/25/1986
388,Cameron,n Allen,01/02/1986
316,Harold,old Li,05/11/1983
196,Sara,urry,06/05/1984
366,Caroline,ne Wyatt,11/12/1979
331,Nicole, Perez,09/28/1982
63,Jacqueline,ine Garcia,01/31/1991
651,Alexander,er Wright,04/18/1979
497,Heather,Farrell,01/11/1978
14,Joseph,nandez,06/01/1978
52,Timothy,handler,03/26/1978
456,Gregory,Jackson,06/06/1973
412,Thomas,terson,05/06/1977
283,Timothy, Suarez,01/12/1977
174,Jennifer,r Jensen,03/09/1991
509,Andrew, Hogan,06/08/1990
254,Dale,tman,10/01/1993
531,Jennifer,Williams,02/27/1977
104,Antonio,o Perez,02/09/1980
549,Joshua, Hicks,01/07/1985
183,Edward,ompson,08/31/1994
612,Lee,ora,03/17/1979
492,Wyatt,ivers,02/07/1984
27,Michelle,e Reeves,11/23/1972
287,Joanna,opkins,04/17/1973
584,Joseph,tchell,05/18/1980
624,Ariel,l Ray,09/11/1972
53,Shawn,urray,10/30/1990
206,Jose,ears,03/01/1976
211,Caroline,ne Mayer,05/03/1973
646,David,eaver,08/11/1976
336,Kelly,livan,04/12/1988
555,Kyle,irez,05/30/1984
560,Carrie, Davis,06/20/1984
203,Catherine, Martinez,04/28/1990
217,Amanda, Lewis,12/05/1988
371,Katherine,ne Bailey,03/04/1994
605,Rodney, Smith,05/08/1975
337,Savannah,Saunders,05/12/1984
381,Claudia,a Oneal,04/01/1987
508,Roy,son,03/30/1984
58,Michelle,le Smith,07/08/1982
401,Amanda, Haney,04/11/1983
163,Theresa,letcher,10/22/1992
548,Debra,Green,07/20/1988
161,John, Cox,12/11/1985
464,Beth,rris,12/22/1982
476,Erica,nnell,07/01/1981
208,Kimberly, Johnson,01/22/1992
378,Kyle,irre,10/24/1973
654,Nicole,nglish,04/30/1977
585,Bonnie,Turner,04/01/1973
621,Maurice,llespie,09/07/1984
300,Corey,Adams,10/08/1988
640,Brett,elson,06/20/1986
297,Melody,Nelson,01/23/1979
209,James,Young,04/12/1980
320,Robert, Smith,04/14/1994
242,Caroline,e Larson,05/05/1990
258,Megan,inson,03/24/1973
570,Shawn,wards,01/19/1978
417,David,Evans,09/15/1977
281,Julie,Price,01/20/1993
436,Briana,ebster,02/08/1978
441,Robin,onnor,02/27/1978
425,Albert,vidson,01/20/1975
553,Mark,Chen,04/02/1989
266,Elizabeth,beth Lynn,02/25/1992
40,Tracy,zalez,11/01/1983
609,Patricia,Fletcher,06/30/1979
471,Tammy,linas,12/29/1980
307,Roger,right,03/04/1974
353,Kelly,tillo,04/13/1992
393,Charles, Kelley,04/14/1993
607,David,hnson,06/23/1985
483,David,antes,01/08/1983
370,Valerie,e Lopez,04/10/1983
273,Sarah,Hayes,11/20/1984
141,Christina,na Arnold,10/20/1979
338,Cynthia,Bennett,11/26/1973
15,Michelle,le Huang,04/09/1983
120,Amanda,Dodson,03/04/1973
75,Jeff,kins,08/10/1992
115,Patrick, Taylor,07/29/1991
629,Elizabeth,th Howard,11/05/1984
299,Noah,hite,04/30/1977
498,Caroline, Jackson,12/29/1983
445,Andrea,Wright,06/15/1978
582,Sara,mith,01/02/1983
245,Jennifer,odriguez,04/23/1974
129,Deanna,errell,02/05/1990
544,Kristina, Summers,02/17/1989
377,Laura,rcado,04/05/1974
155,Matthew,ew Kane,11/17/1990
440,Tamara, White,05/20/1980
550,Samantha,Thompson,06/04/1976
47,John,llan,03/02/1983
89,Andrea,a Webb,12/11/1985
145,Lori,nell,10/22/1989
554,Ronald,Huerta,12/13/1973
523,Chelsea, Foster,03/26/1974
499,Daniel, Lopez,09/07/1989
37,Jonathan,an Jones,01/13/1977
384,Jessica, Gaines,04/23/1981
514,Timothy, Morris,06/16/1981
260,Donna,pbell,07/14/1993
239,Tonya,tinez,09/04/1972
420,Pamela, Moore,02/20/1980
380,Michelle,elle Ali,05/05/1993
387,Alexander,er Gibson,10/27/1983
207,Jay,ith,03/06/1985
318,Teresa,atkins,07/27/1972
16,Bradley, Guzman,05/08/1980
61,Rhonda, Young,06/03/1979
280,Brandon,n Davis,07/22/1977
13,Brandon, Farmer,08/10/1980
563,Barbara, Murphy,10/30/1989
569,James, King,04/21/1978
575,Drew,elly,03/25/1993
319,Virginia,nia Wise,02/18/1982
122,Mary,ndez,01/29/1990
520,Ryan,sell,01/06/1975
489,Amanda, Smith,08/05/1989
136,Morgan,n Dunn,07/13/1980
142,Kimberly,rly Shaw,06/11/1973
250,Kathleen,en Klein,01/15/1990
383,Diana,eyers,09/13/1972
650,Logan,Smith,03/26/1990
231,Tracy,artin,05/03/1975
431,Edwin,artin,02/13/1988
306,Kelly,Moran,07/14/1976
151,Robert, Smith,01/12/1987
519,Jane,inez,01/30/1991
172,Denise,stillo,10/10/1983
121,Jonathon,on Brock,04/30/1980
140,Amanda,Franco,09/24/1994
48,Heather,obinson,11/20/1985
282,Kathryn,n Stout,08/24/1987
42,Cory,kins,03/13/1977
247,Ryan,yder,07/14/1982
59,Sara,lker,08/16/1985
137,Daniel,Garcia,04/21/1979
257,Paul,vans,06/25/1977
343,Elizabeth,eth Olson,01/22/1976
195,Ann,ero,10/27/1989
268,Thomas,Jensen,02/23/1991
558,Brian,avila,07/05/1982
70,Donna,oward,03/31/1990
28,Kimberly,y Massey,01/01/1981
132,Jeremy, Cross,11/22/1987
335,Dennis,Thomas,06/11/1989
349,Kenneth, Martin,08/24/1989
510,Tyler,rewer,06/28/1972
36,Scott,rooks,02/24/1972
430,Derrick,k Fritz,12/05/1982
376,Christine,ine Munoz,11/17/1974
226,Julie,bbins,11/23/1976
240,Rachel,l Cook,03/03/1982
291,Kyle,fman,12/25/1984
619,Nancy,guyen,07/05/1976
424,John,ells,05/25/1993
212,Robert,llison,07/16/1979
263,Keith,inson,04/15/1978
443,Dennis,Osborn,11/15/1973
26,Ronald,d Hays,12/21/1993
491,Leslie, Brown,06/15/1973
114,Maria,apman,12/20/1973
434,Melissa, Torres,03/22/1981
615,Joshua,Weaver,11/20/1982
525,Crystal, Martin,08/29/1993
44,Sheri, Ball,08/04/1991
475,Steven,Ritter,02/11/1986
529,Linda,rause,12/22/1978
83,John,yers,07/25/1989
275,Mark,hite,09/09/1992
190,Diana,Smith,12/02/1973
423,Karen,Lyons,06/09/1990
581,Laura,Glenn,10/20/1992
177,Diana,pence,09/20/1983
573,Samantha,a Farley,07/10/1977
46,Kayla,chell,10/13/1975
17,Crystal,l Myers,12/31/1980
101,Brooke, Jones,04/09/1979
261,John,ller,03/22/1987
435,Karla,sales,07/10/1983
448,Jennifer,er Brown,08/23/1977
597,Blake,menez,09/10/1977
628,Michael, Garcia,11/05/1980
610,Jermaine,ne Quinn,12/24/1989
113,Patricia,cia Cruz,04/22/1976
235,Cameron,cintosh,02/01/1975
21,Michelle,e Brewer,06/10/1988
362,Hannah, Nolan,09/15/1978
368,Erica,hnson,05/27/1978
323,Jeremy,Obrien,01/13/1982
