First Name,Last Name
"('John', 'hews')",
"('Nathan', ' Moore')",
"('Amanda', 'ouglas')",
"('Heather', 'Andrews')",
"('Daniel', 'nandez')",
"('Danny', ' Pena')",
"('Gary', 'ight')",
"('Robin', 'rroll')",
"('Michelle', 'ickerson')",
"('Kimberly', 'Gallegos')",
"('Morgan', 'Parker')",
"('Mason', 'hodes')",
"('Amy', 'fin')",
"('Danielle', 'le House')",
"('Charles', ' Greene')",
"('Nicholas', 'Martinez')",
"('Tracey', 'eadows')",
"('Renee', 'Evans')",
"('Joseph', 'strada')",
"('Jeremy', 'Warner')",
"('Anthony', 'driguez')",
"('Kristen', 'n Lopez')",
"('Mark', 'nald')",
"('Robert', 'reeman')",
"('Michael', 'eynolds')",
"('Kristine', 'e Little')",
"('April', 'arnes')",
"('Pamela', 'Hodges')",
"('Ronald', 'ilbert')",
"('Thomas', 'Cooper')",
"('Dakota', 'ington')",
"('Jennifer', 'r Porter')",
"('Beverly', ' Jordan')",
"('Mark', 'rown')",
"('Amy', 'ord')",
"('Benjamin', 'min King')",
"('Stephen', ' Bryant')",
"('Brandi', 'lliams')",
"('Ashley', 'hinson')",
"('Alisha', 'acheco')",
"('Robert', 'mpbell')",
"('Sandra', 'anders')",
"('Katherine', 'e Hensley')",
"('Stacy', 'y Cox')",
"('Frank', 'arton')",
"('Shannon', ' Kramer')",
"('Brenda', ' James')",
"('Paula', 'wards')",
"('Jennifer', 'fer Rowe')",
"('David', 'oster')",
"('William', 'm Boyle')",
"('Christopher', 'pher Greene')",
"('Matthew', ' Fuller')",
"('Gabriela', 'a Nguyen')",
"('Allison', 'on Diaz')",
"('Isaac', 'ordan')",
"('Cheryl', 'Bailey')",
"('Julie', 'tillo')",
"('Michael', 'l Adams')",
"('Melinda', 'Parsons')",
"('Robert', 'mpbell')",
"('Julie', 'elson')",
"('Steven', 'Nelson')",
"('Hailey', 'y Lynn')",
"('Dillon', 'Nguyen')",
"('Hannah', 'Miller')",
"('Jeffrey', ' Harris')",
"('Daniel', ' Welch')",
"('Bryan', 'ckson')",
"('Denise', 'George')",
"('Alicia', 'Carney')",
"('William', ' Peters')",
"('Dustin', ' Drake')",
"('Jessica', 'hornton')",
"('Rebecca', ' Wilson')",
"('Katherine', 'rine Lane')",
"('Sarah', 'arper')",
"('Jermaine', 'ine Hill')",
"('Michael', 'arshall')",
"('Kirsten', 'Mcbride')",
"('Rachael', ' Holmes')",
"('Leon', 'ster')",
"('David', 'clain')",
"('Emily', 'rence')",
"('Troy', 'ooth')",
"('Stephanie', 'phanie Ho')",
"('Michele', 'ndricks')",
"('Eric', 'rper')",
"('Jonathan', 'an Gomez')",
"('Kevin', 'arcia')",
"('Howard', 'Lawson')",
"('Stacy', 'rtson')",
"('John', 'Beck')",
"('Julia', 'organ')",
"('Allen', ' Leon')",
"('James', ' Rios')",
"('Ralph', 'Wells')",
"('Megan', 'havez')",
"('Ashley', 'atrick')",
"('Bonnie', ' Bowen')",
"('Andrew', 'Lawson')",
"('Tonya', 'havez')",
"('Michelle', 'e Larson')",
"('Mark', 'rett')",
"('Chelsea', ' Rivera')",
"('Amanda', 'Krause')",
"('Paige', 'encer')",
"('Rhonda', 'nzales')",
"('Jasmine', 'e Kelly')",
"('Amy', 'man')",
"('David', 'rroyo')",
"('Robert', 'rt Lin')",
"('Paul', 'lson')",
"('Paul', 'yers')",
"('Jessica', 'Elliott')",
"('Anthony', 'ichmond')",
"('William', ' Rivera')",
"('Sheri', 'legas')",
"('Kelly', 'pkins')",
"('Darren', 'arrell')",
"('Darlene', ' Harmon')",
"('Rachel', ' Lyons')",
"('David', 'acobs')",
"('Christina', 'ina Weeks')",
"('Andrea', 'derson')",
"('Jennifer', 'er Smith')",
"('Shirley', 'Andrews')",
"('Adrian', 'Rivera')",
"('George', 'kinney')",
"('Hailey', 'y Boyd')",
"('Tiffany', ' Harris')",
"('Mary', 'nter')",
"('Robert', 'dwards')",
"('Barbara', 'Lambert')",
"('Angela', 'strong')",
"('Brett', ' Ward')",
"('Troy', 'chez')",
"('Garrett', ' Carter')",
"('James', 'eeves')",
"('Mary', 'aker')",
"('Alexandra', 'a Bradley')",
"('Aaron', 'James')",
"('Thomas', 's Wood')",
"('Charlene', ' Jackson')",
"('Mary', 'bins')",
"('Kayla', 'ngton')",
"('Kimberly', 'ly Knapp')",
"('Nicholas', 'as Brown')",
"('Rebecca', 'arshall')",
"('Mark', 'mith')",
"('Adam', 'rell')",
"('Steve', 'niels')",
"('Victoria', 'a Potter')",
"('Kathy', 'eston')",
"('Michael', 'naldson')",
"('Brian', 'idges')",
"('Martha', 'nzalez')",
"('Paul', 'gers')",
"('Dawn', 'lvan')",
"('Amber', ' West')",
"('Christopher', 'er Guerrero')",
"('Stacy', 'rooks')",
"('Danielle', 'e Kaiser')",
"('Taylor', ' Boyle')",
"('Donna', 'oward')",
"('Anne', 'Rios')",
"('Theresa', ' Barnes')",
"('Lori', 'Tate')",
"('Alexandria', 'dria Baker')",
"('Stephen', 'Hensley')",
"('Jennifer', ' Fischer')",
"('Pamela', 'binson')",
"('Brendan', 'onzalez')",
"('Richard', ' Turner')",
"('Michael', 'obinson')",
"('Patricia', 'ia Sharp')",
"('Elizabeth', 'eth Avila')",
"('Christopher', 'er Martinez')",
"('Isaac', 'Woods')",
"('Adriana', 'na Wolf')",
"('David', 'arson')",
"('Matthew', ' Kramer')",
"('Pamela', 'Archer')",
"('Charles', 's Stout')",
"('Daniel', 'l Boyd')",
"('Jimmy', 'Jones')",
"('Rebecca', 'Hammond')",
"('Emily', ' Diaz')",
"('Chad', 'Wise')",
"('Todd', 'uran')",
"('Brian', 'ghlin')",
"('Katherine', 'ne Rogers')",
"('Joseph', ' Adams')",
"('David', 'owery')",
"('Janice', ' Young')",
"('Anna', 'hews')",
"('Katie', 'arcia')",
"('Maria', 'trada')",
"('Ashley', ' Smith')",
"('Amy', 'ght')",
"('Heather', 'r Scott')",
"('John', 'rson')",
"('John', 'rson')",
"('Kimberly', 'y Harris')",
"('Christopher', 'opher Smith')",
"('Daniel', ' Singh')",
"('Miranda', ' Nguyen')",
"('Gregory', 'Simpson')",
"('Daniel', ' Brown')",
"('Susan', 'mpson')",
"('Rick', 'ohns')",
"('Sean', 'houn')",
"('Alan', 'lden')",
"('Robin', 'Silva')",
"('Nicole', 'Conrad')",
"('Deanna', 'ussell')",
"('Joshua', 'Bailey')",
"('Daniel', 'atrick')",
"('William', 'm Smith')",
"('Kristin', 'n Grant')",
"('Kimberly', 'elasquez')",
"('Michael', ' Dalton')",
"('Jason', ' Shaw')",
"('Jonathon', 'on Olson')",
"('Andrea', ' Perry')",
"('Anthony', ' Nguyen')",
"('Anthony', 'stensen')",
"('Paul', 'rphy')",
"('Susan', 'ewart')",
"('Scott', 'arren')",
"('Jennifer', 'er Avery')",
"('Alexander', 'r Vaughan')",
"('Laura', 'arker')",
"('Derek', 'ngton')",
"('Daniel', ' Wells')",
"('Kelly', 'llips')",
"('Lauren', 'ennett')",
"('Aaron', ' Wolf')",
"('Julia', 'right')",
"('Cheryl', 'Dennis')",
"('Donna', 'Lopez')",
"('Matthew', 'w Gibbs')",
"('Nancy', 'chell')",
"('Ashley', 'ullock')",
"('Andrew', ' Moore')",
"('Joseph', 'rtinez')",
"('Yvette', 'riguez')",
"('Carrie', 'Barber')",
"('Ashley', 'herman')",
"('Craig', 'arcia')",
"('Jerome', ' Brown')",
"('Kevin', ' Beck')",
"('Travis', 'Hansen')",
"('Rodney', 'y Cook')",
"('Theresa', 'a Brown')",
"('Wayne', 'ercer')",
"('Mary', ' Lee')",
"('Matthew', ' Martin')",
"('Lee', 'ber')",
"('James', 'ilson')",
"('Angela', ' Clark')",
"('Allen', 'Flynn')",
"('Darrell', 'Coleman')",
"('Patrick', 'k Wells')",
"('Tyler', ' Beck')",
"('Michelle', ' Jenkins')",
"('Scott', 'iller')",
"('Maria', 'illan')",
"('Amy', 'ler')",
"('Jacob', 'homas')",
"('Amanda', ' Jones')",
"('Edward', 'adilla')",
"('Debra', ' Best')",
"('Gregory', 'Roberts')",
"('Suzanne', 'Wheeler')",
"('Ann', 'wis')",
"('Michelle', 'Peterson')",
"('Adam', 'omas')",
"('Donna', 'Owens')",
"('Pamela', ' Lyons')",
"('Victor', ' Lopez')",
"('Matthew', ' Miller')",
"('Kevin', 'oster')",
"('Alyssa', 'Stokes')",
"('Mark', 'ders')",
"('Michael', 'Chapman')",
"('Cole', 'rell')",
"('Michael', 'Estrada')",
"('Shaun', 'tinez')",
"('Victoria', 'ria Moon')",
"('Brian', 'eters')",
"('Jose', 'alez')",
"('John', 'Paul')",
"('Stephanie', 'nie Smith')",
"('Lisa', 'lson')",
"('Cody', 'uran')",
"('Ann', 'son')",
"('Paula', 'andez')",
"('Patrick', ' Barber')",
"('Dennis', 'varado')",
"('David', 'erson')",
"('Tina', 'iams')",
"('Bridget', 'et Koch')",
"('Adrian', 'nandez')",
"('Andrea', 'Potter')",
"('David', 'liams')",
"('Katherine', 'ne Wright')",
"('Kevin', 'aylor')",
"('Latoya', 'tchell')",
"('Tricia', ' Smith')",
"('David', 'Miles')",
"('Gina', 'fman')",
"('Tamara', 'hitney')",
"('John', 'rcia')",
"('Craig', 'Nunez')",
"('Desiree', 'ee Ross')",
"('Samantha', ' Ramirez')",
"('David', 'atton')",
"('Caroline', 'ne Lopez')",
"('Karen', 'alone')",
"('Daniel', 'Wright')",
"('Brent', 'iller')",
"('Mitchell', 'll Meyer')",
"('Annette', ' Flores')",
"('Wendy', 'ndrix')",
"('Alexis', ' Cross')",
"('Jeffrey', 'y Jones')",
"('Jessica', 'a Walsh')",
"('Sherry', 'derson')",
"('Jennifer', ' Johnson')",
"('Scott', 'lison')",
"('Denise', 'aldwin')",
"('Rebecca', 'a James')",
"('Sean', 'ales')",
"('Mary', 'avez')",
"('Ralph', 'tinez')",
"('Thomas', ' Stone')",
"('Christopher', 'er Anderson')",
"('Allison', ' Garcia')",
"('Charles', 'es Hall')",
"('Lawrence', 'ce Roach')",
"('Christopher', 'r Dougherty')",
"('William', 'm Small')",
"('Samuel', 'el May')",
"('Brian', 'Lopez')",
"('Amanda', ' Clark')",
"('Cody', 'ylor')",
"('Sherry', 'y Love')",
"('Christine', 'ine Stone')",
"('Kristy', 'y Diaz')",
"('Amy', 'ong')",
"('Haley', 'Myers')",
"('Michael', ' Holden')",
"('Kelly', 'rrell')",
"('Rachel', 'Valdez')",
"('Kristine', 'Roberson')",
"('Vincent', ' Watson')",
"('Elizabeth', 'th Bailey')",
"('Mark', 'llan')",
"('Sheri', ' Long')",
"('Daniel', 'Mccall')",
"('Dawn', 'lone')",
"('Evan', 'mero')",
"('Paul', 'dams')",
"('Tracy', ' Holt')",
"('Charles', 'Wheeler')",
"('Ashley', 'Harris')",
"('Roberto', 'Schmidt')",
"('Margaret', 't Barton')",
"('Michelle', 'lle Diaz')",
"('Mike', 'ncan')",
"('Alexandra', 'ra Thomas')",
"('Mark', 'illo')",
"('Carol', ' Dyer')",
"('Daniel', 'lliams')",
"('Sandra', 'Suarez')",
"('Sarah', 'ilton')",
"('Sydney', ' Floyd')",
"('Jonathan', 'han Hall')",
"('Jennifer', 'ifer Kim')",
"('Kenneth', 'Sanchez')",
"('Joseph', 'arroll')",
"('Jennifer', 'r Arnold')",
"('David', 'id Le')",
"('Jeffrey', 'y Clark')",
"('Jeffery', 'ry Reed')",
"('Laura', 'a Kim')",
"('Derek', 'brien')",
"('Brooke', 'Bishop')",
"('Peter', 'Miles')",
"('Alex', 'Owen')",
"('Michael', ' Fowler')",
"('Katherine', 'rine Rose')",
"('Daniel', 'Waller')",
"('Ronald', 'ohnson')",
"('Austin', 'ierrez')",
"('Brandon', 'n Chang')",
"('Alexander', 'er Murphy')",
"('Stephanie', 'e Mendoza')",
"('Gregory', 'y Moore')",
"('Jonathan', ' Mendoza')",
"('Michelle', 'Phillips')",
"('Justin', 'Morgan')",
"('Michael', 'Hubbard')",
"('Travis', 'Little')",
"('Susan', 'nnedy')",
"('Emily', 'grath')",
"('Sandra', 'riffin')",
"('Jessica', 'ullivan')",
"('Timothy', 'Mendoza')",
"('Amanda', 'earson')",
"('Jeffery', 'Burnett')",
"('Brian', 'liams')",
"('Randy', 'orsey')",
"('Duane', 'liams')",
"('Colleen', 'Beasley')",
"('Brian', 'ckson')",
"('Cynthia', 'a Price')",
"('Donald', 'Carter')",
"('Lisa', 'mitt')",
"('Dustin', 'ichols')",
"('Jay', 'own')",
"('Beth', 'ynch')",
"('Mary', 'hell')",
"('Joshua', 'a Rush')",
"('Jillian', 'n David')",
"('Anthony', 'Delgado')",
"('Meghan', 'Wilson')",
"('Andrea', 'gomery')",
"('Megan', ' Gray')",
"('Sarah', 'rooks')",
"('Kaylee', ' Clark')",
"('Joseph', 'Martin')",
"('Donna', ' Rose')",
"('Brandi', 'Sawyer')",
"('James', 'orres')",
"('Jonathan', 'n Malone')",
"('Christine', ' Williams')",
"('Christopher', 'opher Young')",
"('David', 'urner')",
"('Gregory', 'y Estes')",
"('Shannon', ' Vaughn')",
"('James', 'ghlin')",
"('Michael', 'l Brown')",
"('Jennifer', 'Crawford')",
"('Michelle', 'lle Carr')",
"('Andrew', 'w Love')",
"('Anna', 'nett')",
"('William', 'm Watts')",
"('Cynthia', 'illiams')",
"('Bruce', 'Miles')",
"('Amanda', 'Wilson')",
"('Joshua', ' Riley')",
"('Carla', 'orres')",
"('Mark', 'reen')",
"('Stephanie', 'e Goodwin')",
"('Cameron', 'n Allen')",
"('Harold', 'old Li')",
"('Sara', 'urry')",
"('Caroline', 'ne Wyatt')",
"('Nicole', ' Perez')",
"('Jacqueline', 'ine Garcia')",
"('Alexander', 'er Wright')",
"('Heather', 'Farrell')",
"('Joseph', 'nandez')",
"('Timothy', 'handler')",
"('Gregory', 'Jackson')",
"('Thomas', 'terson')",
"('Timothy', ' Suarez')",
"('Jennifer', 'r Jensen')",
"('Andrew', ' Hogan')",
"('Dale', 'tman')",
"('Jennifer', 'Williams')",
"('Antonio', 'o Perez')",
"('Joshua', ' Hicks')",
"('Edward', 'ompson')",
"('Lee', 'ora')",
"('Wyatt', 'ivers')",
"('Michelle', 'e Reeves')",
"('Joanna', 'opkins')",
"('Joseph', 'tchell')",
"('Ariel', 'l Ray')",
"('Shawn', 'urray')",
"('Jose', 'ears')",
"('Caroline', 'ne Mayer')",
"('David', 'eaver')",
"('Kelly', 'livan')",
"('Kyle', 'irez')",
"('Carrie', ' Davis')",
"('Catherine', ' Martinez')",
"('Amanda', ' Lewis')",
"('Katherine', 'ne Bailey')",
"('Rodney', ' Smith')",
"('Savannah', 'Saunders')",
"('Claudia', 'a Oneal')",
"('Roy', 'son')",
"('Michelle', 'le Smith')",
"('Amanda', ' Haney')",
"('Theresa', 'letcher')",
"('Debra', 'Green')",
"('John', ' Cox')",
"('Beth', 'rris')",
"('Erica', 'nnell')",
"('Kimberly', ' Johnson')",
"('Kyle', 'irre')",
"('Nicole', 'nglish')",
"('Bonnie', 'Turner')",
"('Maurice', 'llespie')",
"('Corey', 'Adams')",
"('Brett', 'elson')",
"('Melody', 'Nelson')",
"('James', 'Young')",
"('Robert', ' Smith')",
"('Caroline', 'e Larson')",
"('Megan', 'inson')",
"('Shawn', 'wards')",
"('David', 'Evans')",
"('Julie', 'Price')",
"('Briana', 'ebster')",
"('Robin', 'onnor')",
"('Albert', 'vidson')",
"('Mark', 'Chen')",
"('Elizabeth', 'beth Lynn')",
"('Tracy', 'zalez')",
"('Patricia', 'Fletcher')",
"('Tammy', 'linas')",
"('Roger', 'right')",
"('Kelly', 'tillo')",
"('Charles', ' Kelley')",
"('David', 'hnson')",
"('David', 'antes')",
"('Valerie', 'e Lopez')",
"('Sarah', 'Hayes')",
"('Christina', 'na Arnold')",
"('Cynthia', 'Bennett')",
"('Michelle', 'le Huang')",
"('Amanda', 'Dodson')",
"('Jeff', 'kins')",
"('Patrick', ' Taylor')",
"('Elizabeth', 'th Howard')",
"('Noah', 'hite')",
"('Caroline', ' Jackson')",
"('Andrea', 'Wright')",
"('Sara', 'mith')",
"('Jennifer', 'odriguez')",
"('Deanna', 'errell')",
"('Kristina', ' Summers')",
"('Laura', 'rcado')",
"('Matthew', 'ew Kane')",
"('Tamara', ' White')",
"('Samantha', 'Thompson')",
"('John', 'llan')",
"('Andrea', 'a Webb')",
"('Lori', 'nell')",
"('Ronald', 'Huerta')",
"('Chelsea', ' Foster')",
"('Daniel', ' Lopez')",
"('Jonathan', 'an Jones')",
"('Jessica', ' Gaines')",
"('Timothy', ' Morris')",
"('Donna', 'pbell')",
"('Tonya', 'tinez')",
"('Pamela', ' Moore')",
"('Michelle', 'elle Ali')",
"('Alexander', 'er Gibson')",
"('Jay', 'ith')",
"('Teresa', 'atkins')",
"('Bradley', ' Guzman')",
"('Rhonda', ' Young')",
"('Brandon', 'n Davis')",
"('Brandon', ' Farmer')",
"('Barbara', ' Murphy')",
"('James', ' King')",
"('Drew', 'elly')",
"('Virginia', 'nia Wise')",
"('Mary', 'ndez')",
"('Ryan', 'sell')",
"('Amanda', ' Smith')",
"('Morgan', 'n Dunn')",
"('Kimberly', 'rly Shaw')",
"('Kathleen', 'en Klein')",
"('Diana', 'eyers')",
"('Logan', 'Smith')",
"('Tracy', 'artin')",
"('Edwin', 'artin')",
"('Kelly', 'Moran')",
"('Robert', ' Smith')",
"('Jane', 'inez')",
"('Denise', 'stillo')",
"('Jonathon', 'on Brock')",
"('Amanda', 'Franco')",
"('Heather', 'obinson')",
"('Kathryn', 'n Stout')",
"('Cory', 'kins')",
"('Ryan', 'yder')",
"('Sara', 'lker')",
"('Daniel', 'Garcia')",
"('Paul', 'vans')",
"('Elizabeth', 'eth Olson')",
"('Ann', 'ero')",
"('Thomas', 'Jensen')",
"('Brian', 'avila')",
"('Donna', 'oward')",
"('Kimberly', 'y Massey')",
"('Jeremy', ' Cross')",
"('Dennis', 'Thomas')",
"('Kenneth', ' Martin')",
"('Tyler', 'rewer')",
"('Scott', 'rooks')",
"('Derrick', 'k Fritz')",
"('Christine', 'ine Munoz')",
"('Julie', 'bbins')",
"('Rachel', 'l Cook')",
"('Kyle', 'fman')",
"('Nancy', 'guyen')",
"('John', 'ells')",
"('Robert', 'llison')",
"('Keith', 'inson')",
"('Dennis', 'Osborn')",
"('Ronald', 'd Hays')",
"('Leslie', ' Brown')",
"('Maria', 'apman')",
"('Melissa', ' Torres')",
"('Joshua', 'Weaver')",
"('Crystal', ' Martin')",
"('Sheri', ' Ball')",
"('Steven', 'Ritter')",
"('Linda', 'rause')",
"('John', 'yers')",
"('Mark', 'hite')",
"('Diana', 'Smith')",
"('Karen', 'Lyons')",
"('Laura', 'Glenn')",
"('Diana', 'pence')",
"('Samantha', 'a Farley')",
"('Kayla', 'chell')",
"('Crystal', 'l Myers')",
"('Brooke', ' Jones')",
"('John', 'ller')",
"('Karla', 'sales')",
"('Jennifer', 'er Brown')",
"('Blake', 'menez')",
"('Michael', ' Garcia')",
"('Jermaine', 'ne Quinn')",
"('Patricia', 'cia Cruz')",
"('Cameron', 'cintosh')",
"('Michelle', 'e Brewer')",
"('Hannah', ' Nolan')",
"('Erica', 'hnson')",
"('Jeremy', 'Obrien')",
,"('hews',)"
,"(' Moore',)"
,"('ouglas',)"
,"('Andrews',)"
,"('nandez',)"
,"(' Pena',)"
,"('ight',)"
,"('rroll',)"
,"('ickerson',)"
,"('Gallegos',)"
,"('Parker',)"
,"('hodes',)"
,"('fin',)"
,"('le House',)"
,"(' Greene',)"
,"('Martinez',)"
,"('eadows',)"
,"('Evans',)"
,"('strada',)"
,"('Warner',)"
,"('driguez',)"
,"('n Lopez',)"
,"('nald',)"
,"('reeman',)"
,"('eynolds',)"
,"('e Little',)"
,"('arnes',)"
,"('Hodges',)"
,"('ilbert',)"
,"('Cooper',)"
,"('ington',)"
,"('r Porter',)"
,"(' Jordan',)"
,"('rown',)"
,"('ord',)"
,"('min King',)"
,"(' Bryant',)"
,"('lliams',)"
,"('hinson',)"
,"('acheco',)"
,"('mpbell',)"
,"('anders',)"
,"('e Hensley',)"
,"('y Cox',)"
,"('arton',)"
,"(' Kramer',)"
,"(' James',)"
,"('wards',)"
,"('fer Rowe',)"
,"('oster',)"
,"('m Boyle',)"
,"('pher Greene',)"
,"(' Fuller',)"
,"('a Nguyen',)"
,"('on Diaz',)"
,"('ordan',)"
,"('Bailey',)"
,"('tillo',)"
,"('l Adams',)"
,"('Parsons',)"
,"('mpbell',)"
,"('elson',)"
,"('Nelson',)"
,"('y Lynn',)"
,"('Nguyen',)"
,"('Miller',)"
,"(' Harris',)"
,"(' Welch',)"
,"('ckson',)"
,"('George',)"
,"('Carney',)"
,"(' Peters',)"
,"(' Drake',)"
,"('hornton',)"
,"(' Wilson',)"
,"('rine Lane',)"
,"('arper',)"
,"('ine Hill',)"
,"('arshall',)"
,"('Mcbride',)"
,"(' Holmes',)"
,"('ster',)"
,"('clain',)"
,"('rence',)"
,"('ooth',)"
,"('phanie Ho',)"
,"('ndricks',)"
,"('rper',)"
,"('an Gomez',)"
,"('arcia',)"
,"('Lawson',)"
,"('rtson',)"
,"('Beck',)"
,"('organ',)"
,"(' Leon',)"
,"(' Rios',)"
,"('Wells',)"
,"('havez',)"
,"('atrick',)"
,"(' Bowen',)"
,"('Lawson',)"
,"('havez',)"
,"('e Larson',)"
,"('rett',)"
,"(' Rivera',)"
,"('Krause',)"
,"('encer',)"
,"('nzales',)"
,"('e Kelly',)"
,"('man',)"
,"('rroyo',)"
,"('rt Lin',)"
,"('lson',)"
,"('yers',)"
,"('Elliott',)"
,"('ichmond',)"
,"(' Rivera',)"
,"('legas',)"
,"('pkins',)"
,"('arrell',)"
,"(' Harmon',)"
,"(' Lyons',)"
,"('acobs',)"
,"('ina Weeks',)"
,"('derson',)"
,"('er Smith',)"
,"('Andrews',)"
,"('Rivera',)"
,"('kinney',)"
,"('y Boyd',)"
,"(' Harris',)"
,"('nter',)"
,"('dwards',)"
,"('Lambert',)"
,"('strong',)"
,"(' Ward',)"
,"('chez',)"
,"(' Carter',)"
,"('eeves',)"
,"('aker',)"
,"('a Bradley',)"
,"('James',)"
,"('s Wood',)"
,"(' Jackson',)"
,"('bins',)"
,"('ngton',)"
,"('ly Knapp',)"
,"('as Brown',)"
,"('arshall',)"
,"('mith',)"
,"('rell',)"
,"('niels',)"
,"('a Potter',)"
,"('eston',)"
,"('naldson',)"
,"('idges',)"
,"('nzalez',)"
,"('gers',)"
,"('lvan',)"
,"(' West',)"
,"('er Guerrero',)"
,"('rooks',)"
,"('e Kaiser',)"
,"(' Boyle',)"
,"('oward',)"
,"('Rios',)"
,"(' Barnes',)"
,"('Tate',)"
,"('dria Baker',)"
,"('Hensley',)"
,"(' Fischer',)"
,"('binson',)"
,"('onzalez',)"
,"(' Turner',)"
,"('obinson',)"
,"('ia Sharp',)"
,"('eth Avila',)"
,"('er Martinez',)"
,"('Woods',)"
,"('na Wolf',)"
,"('arson',)"
,"(' Kramer',)"
,"('Archer',)"
,"('s Stout',)"
,"('l Boyd',)"
,"('Jones',)"
,"('Hammond',)"
,"(' Diaz',)"
,"('Wise',)"
,"('uran',)"
,"('ghlin',)"
,"('ne Rogers',)"
,"(' Adams',)"
,"('owery',)"
,"(' Young',)"
,"('hews',)"
,"('arcia',)"
,"('trada',)"
,"(' Smith',)"
,"('ght',)"
,"('r Scott',)"
,"('rson',)"
,"('rson',)"
,"('y Harris',)"
,"('opher Smith',)"
,"(' Singh',)"
,"(' Nguyen',)"
,"('Simpson',)"
,"(' Brown',)"
,"('mpson',)"
,"('ohns',)"
,"('houn',)"
,"('lden',)"
,"('Silva',)"
,"('Conrad',)"
,"('ussell',)"
,"('Bailey',)"
,"('atrick',)"
,"('m Smith',)"
,"('n Grant',)"
,"('elasquez',)"
,"(' Dalton',)"
,"(' Shaw',)"
,"('on Olson',)"
,"(' Perry',)"
,"(' Nguyen',)"
,"('stensen',)"
,"('rphy',)"
,"('ewart',)"
,"('arren',)"
,"('er Avery',)"
,"('r Vaughan',)"
,"('arker',)"
,"('ngton',)"
,"(' Wells',)"
,"('llips',)"
,"('ennett',)"
,"(' Wolf',)"
,"('right',)"
,"('Dennis',)"
,"('Lopez',)"
,"('w Gibbs',)"
,"('chell',)"
,"('ullock',)"
,"(' Moore',)"
,"('rtinez',)"
,"('riguez',)"
,"('Barber',)"
,"('herman',)"
,"('arcia',)"
,"(' Brown',)"
,"(' Beck',)"
,"('Hansen',)"
,"('y Cook',)"
,"('a Brown',)"
,"('ercer',)"
,"(' Lee',)"
,"(' Martin',)"
,"('ber',)"
,"('ilson',)"
,"(' Clark',)"
,"('Flynn',)"
,"('Coleman',)"
,"('k Wells',)"
,"(' Beck',)"
,"(' Jenkins',)"
,"('iller',)"
,"('illan',)"
,"('ler',)"
,"('homas',)"
,"(' Jones',)"
,"('adilla',)"
,"(' Best',)"
,"('Roberts',)"
,"('Wheeler',)"
,"('wis',)"
,"('Peterson',)"
,"('omas',)"
,"('Owens',)"
,"(' Lyons',)"
,"(' Lopez',)"
,"(' Miller',)"
,"('oster',)"
,"('Stokes',)"
,"('ders',)"
,"('Chapman',)"
,"('rell',)"
,"('Estrada',)"
,"('tinez',)"
,"('ria Moon',)"
,"('eters',)"
,"('alez',)"
,"('Paul',)"
,"('nie Smith',)"
,"('lson',)"
,"('uran',)"
,"('son',)"
,"('andez',)"
,"(' Barber',)"
,"('varado',)"
,"('erson',)"
,"('iams',)"
,"('et Koch',)"
,"('nandez',)"
,"('Potter',)"
,"('liams',)"
,"('ne Wright',)"
,"('aylor',)"
,"('tchell',)"
,"(' Smith',)"
,"('Miles',)"
,"('fman',)"
,"('hitney',)"
,"('rcia',)"
,"('Nunez',)"
,"('ee Ross',)"
,"(' Ramirez',)"
,"('atton',)"
,"('ne Lopez',)"
,"('alone',)"
,"('Wright',)"
,"('iller',)"
,"('ll Meyer',)"
,"(' Flores',)"
,"('ndrix',)"
,"(' Cross',)"
,"('y Jones',)"
,"('a Walsh',)"
,"('derson',)"
,"(' Johnson',)"
,"('lison',)"
,"('aldwin',)"
,"('a James',)"
,"('ales',)"
,"('avez',)"
,"('tinez',)"
,"(' Stone',)"
,"('er Anderson',)"
,"(' Garcia',)"
,"('es Hall',)"
,"('ce Roach',)"
,"('r Dougherty',)"
,"('m Small',)"
,"('el May',)"
,"('Lopez',)"
,"(' Clark',)"
,"('ylor',)"
,"('y Love',)"
,"('ine Stone',)"
,"('y Diaz',)"
,"('ong',)"
,"('Myers',)"
,"(' Holden',)"
,"('rrell',)"
,"('Valdez',)"
,"('Roberson',)"
,"(' Watson',)"
,"('th Bailey',)"
,"('llan',)"
,"(' Long',)"
,"('Mccall',)"
,"('lone',)"
,"('mero',)"
,"('dams',)"
,"(' Holt',)"
,"('Wheeler',)"
,"('Harris',)"
,"('Schmidt',)"
,"('t Barton',)"
,"('lle Diaz',)"
,"('ncan',)"
,"('ra Thomas',)"
,"('illo',)"
,"(' Dyer',)"
,"('lliams',)"
,"('Suarez',)"
,"('ilton',)"
,"(' Floyd',)"
,"('han Hall',)"
,"('ifer Kim',)"
,"('Sanchez',)"
,"('arroll',)"
,"('r Arnold',)"
,"('id Le',)"
,"('y Clark',)"
,"('ry Reed',)"
,"('a Kim',)"
,"('brien',)"
,"('Bishop',)"
,"('Miles',)"
,"('Owen',)"
,"(' Fowler',)"
,"('rine Rose',)"
,"('Waller',)"
,"('ohnson',)"
,"('ierrez',)"
,"('n Chang',)"
,"('er Murphy',)"
,"('e Mendoza',)"
,"('y Moore',)"
,"(' Mendoza',)"
,"('Phillips',)"
,"('Morgan',)"
,"('Hubbard',)"
,"('Little',)"
,"('nnedy',)"
,"('grath',)"
,"('riffin',)"
,"('ullivan',)"
,"('Mendoza',)"
,"('earson',)"
,"('Burnett',)"
,"('liams',)"
,"('orsey',)"
,"('liams',)"
,"('Beasley',)"
,"('ckson',)"
,"('a Price',)"
,"('Carter',)"
,"('mitt',)"
,"('ichols',)"
,"('own',)"
,"('ynch',)"
,"('hell',)"
,"('a Rush',)"
,"('n David',)"
,"('Delgado',)"
,"('Wilson',)"
,"('gomery',)"
,"(' Gray',)"
,"('rooks',)"
,"(' Clark',)"
,"('Martin',)"
,"(' Rose',)"
,"('Sawyer',)"
,"('orres',)"
,"('n Malone',)"
,"(' Williams',)"
,"('opher Young',)"
,"('urner',)"
,"('y Estes',)"
,"(' Vaughn',)"
,"('ghlin',)"
,"('l Brown',)"
,"('Crawford',)"
,"('lle Carr',)"
,"('w Love',)"
,"('nett',)"
,"('m Watts',)"
,"('illiams',)"
,"('Miles',)"
,"('Wilson',)"
,"(' Riley',)"
,"('orres',)"
,"('reen',)"
,"('e Goodwin',)"
,"('n Allen',)"
,"('old Li',)"
,"('urry',)"
,"('ne Wyatt',)"
,"(' Perez',)"
,"('ine Garcia',)"
,"('er Wright',)"
,"('Farrell',)"
,"('nandez',)"
,"('handler',)"
,"('Jackson',)"
,"('terson',)"
,"(' Suarez',)"
,"('r Jensen',)"
,"(' Hogan',)"
,"('tman',)"
,"('Williams',)"
,"('o Perez',)"
,"(' Hicks',)"
,"('ompson',)"
,"('ora',)"
,"('ivers',)"
,"('e Reeves',)"
,"('opkins',)"
,"('tchell',)"
,"('l Ray',)"
,"('urray',)"
,"('ears',)"
,"('ne Mayer',)"
,"('eaver',)"
,"('livan',)"
,"('irez',)"
,"(' Davis',)"
,"(' Martinez',)"
,"(' Lewis',)"
,"('ne Bailey',)"
,"(' Smith',)"
,"('Saunders',)"
,"('a Oneal',)"
,"('son',)"
,"('le Smith',)"
,"(' Haney',)"
,"('letcher',)"
,"('Green',)"
,"(' Cox',)"
,"('rris',)"
,"('nnell',)"
,"(' Johnson',)"
,"('irre',)"
,"('nglish',)"
,"('Turner',)"
,"('llespie',)"
,"('Adams',)"
,"('elson',)"
,"('Nelson',)"
,"('Young',)"
,"(' Smith',)"
,"('e Larson',)"
,"('inson',)"
,"('wards',)"
,"('Evans',)"
,"('Price',)"
,"('ebster',)"
,"('onnor',)"
,"('vidson',)"
,"('Chen',)"
,"('beth Lynn',)"
,"('zalez',)"
,"('Fletcher',)"
,"('linas',)"
,"('right',)"
,"('tillo',)"
,"(' Kelley',)"
,"('hnson',)"
,"('antes',)"
,"('e Lopez',)"
,"('Hayes',)"
,"('na Arnold',)"
,"('Bennett',)"
,"('le Huang',)"
,"('Dodson',)"
,"('kins',)"
,"(' Taylor',)"
,"('th Howard',)"
,"('hite',)"
,"(' Jackson',)"
,"('Wright',)"
,"('mith',)"
,"('odriguez',)"
,"('errell',)"
,"(' Summers',)"
,"('rcado',)"
,"('ew Kane',)"
,"(' White',)"
,"('Thompson',)"
,"('llan',)"
,"('a Webb',)"
,"('nell',)"
,"('Huerta',)"
,"(' Foster',)"
,"(' Lopez',)"
,"('an Jones',)"
,"(' Gaines',)"
,"(' Morris',)"
,"('pbell',)"
,"('tinez',)"
,"(' Moore',)"
,"('elle Ali',)"
,"('er Gibson',)"
,"('ith',)"
,"('atkins',)"
,"(' Guzman',)"
,"(' Young',)"
,"('n Davis',)"
,"(' Farmer',)"
,"(' Murphy',)"
,"(' King',)"
,"('elly',)"
,"('nia Wise',)"
,"('ndez',)"
,"('sell',)"
,"(' Smith',)"
,"('n Dunn',)"
,"('rly Shaw',)"
,"('en Klein',)"
,"('eyers',)"
,"('Smith',)"
,"('artin',)"
,"('artin',)"
,"('Moran',)"
,"(' Smith',)"
,"('inez',)"
,"('stillo',)"
,"('on Brock',)"
,"('Franco',)"
,"('obinson',)"
,"('n Stout',)"
,"('kins',)"
,"('yder',)"
,"('lker',)"
,"('Garcia',)"
,"('vans',)"
,"('eth Olson',)"
,"('ero',)"
,"('Jensen',)"
,"('avila',)"
,"('oward',)"
,"('y Massey',)"
,"(' Cross',)"
,"('Thomas',)"
,"(' Martin',)"
,"('rewer',)"
,"('rooks',)"
,"('k Fritz',)"
,"('ine Munoz',)"
,"('bbins',)"
,"('l Cook',)"
,"('fman',)"
,"('guyen',)"
,"('ells',)"
,"('llison',)"
,"('inson',)"
,"('Osborn',)"
,"('d Hays',)"
,"(' Brown',)"
,"('apman',)"
,"(' Torres',)"
,"('Weaver',)"
,"(' Martin',)"
,"(' Ball',)"
,"('Ritter',)"
,"('rause',)"
,"('yers',)"
,"('hite',)"
,"('Smith',)"
,"('Lyons',)"
,"('Glenn',)"
,"('pence',)"
,"('a Farley',)"
,"('chell',)"
,"('l Myers',)"
,"(' Jones',)"
,"('ller',)"
,"('sales',)"
,"('er Brown',)"
,"('menez',)"
,"(' Garcia',)"
,"('ne Quinn',)"
,"('cia Cruz',)"
,"('cintosh',)"
,"('e Brewer',)"
,"(' Nolan',)"
,"('hnson',)"
,"('Obrien',)"
